"5eb87cd9ffd86e000604b32a","5eb0e4b5b6c3bb0006eeb1e1",20,"LEO","FalconSAT-2","Satellite",false,"low-earth","geocentric"
"5eb87cdaffd86e000604b32b","5eb0e4b6b6c3bb0006eeb1e2",,"LEO","DemoSAT","Satellite",false,"low-earth","geocentric"
"5eb87cdbffd86e000604b32c","5eb0e4b6b6c3bb0006eeb1e3",,"LEO","Trailblazer","Satellite",false,"low-earth","geocentric"
"5eb87cdbffd86e000604b32c","5eb0e4b6b6c3bb0006eeb1e4",,"LEO","PRESat","Satellite",false,"low-earth","geocentric"
"5eb87cdbffd86e000604b32d","5eb0e4b7b6c3bb0006eeb1e5",165,"LEO","RatSat","Satellite",false,"low-earth","geocentric"
"5eb87cdcffd86e000604b32e","5eb0e4b7b6c3bb0006eeb1e6",200,"LEO","RazakSAT","Satellite",false,"low-earth","geocentric"
"5eb87cddffd86e000604b32f","5eb0e4b7b6c3bb0006eeb1e7",,"LEO","Dragon Qualification Unit","Dragon Boilerplate",false,"low-earth","geocentric"
"5eb87cdeffd86e000604b330","5eb0e4b9b6c3bb0006eeb1e8",,"LEO","COTS Demo Flight 1","Dragon 1.0",false,"low-earth","geocentric"
"5eb87cdeffd86e000604b330","5eb0e4b9b6c3bb0006eeb1e9",,"LEO","Cubesats","Satellite",false,"low-earth","geocentric"
"5eb87cdfffd86e000604b331","5eb0e4bab6c3bb0006eeb1ea",525,"LEO","COTS Demo Flight 2","Dragon 1.0",false,"low-earth","geocentric"
"5eb87ce0ffd86e000604b332","5eb0e4bab6c3bb0006eeb1eb",400,"ISS","CRS-1","Dragon 1.0",false,"low-earth","geocentric"
"5eb87ce0ffd86e000604b332","5eb0e4bab6c3bb0006eeb1ec",400,"LEO","Orbcomm-OG2","Dragon 1.0",false,"low-earth","geocentric"
"5eb87ce1ffd86e000604b333","5eb0e4bbb6c3bb0006eeb1ed",677,"ISS","CRS-2","Dragon 1.0",false,"low-earth","geocentric"
"5eb87ce1ffd86e000604b334","5eb0e4bbb6c3bb0006eeb1ee",500,"PO","CASSIOPE","Satellite",false,"low-earth","geocentric"
"5eb87ce2ffd86e000604b335","5eb0e4bbb6c3bb0006eeb1ef",3170,"GTO","SES-8","Satellite",false,"geostationary","geocentric"
"5eb87ce3ffd86e000604b336","5eb0e4bbb6c3bb0006eeb1f0",3325,"GTO","Thaicom 6","Satellite",false,"geostationary","geocentric"
"5eb87ce4ffd86e000604b337","5eb0e4bbb6c3bb0006eeb1f1",2296,"ISS","CRS-3","Dragon 1.1",false,"low-earth","geocentric"
"5eb87ce4ffd86e000604b338","5eb0e4bcb6c3bb0006eeb1f2",1316,"LEO","Orbcomm-OG2-M1","Satellite",false,"low-earth","geocentric"
"5eb87ce5ffd86e000604b339","5eb0e4bcb6c3bb0006eeb1f3",4535,"GTO","AsiaSat 8","Satellite",false,"geostationary","geocentric"
"5eb87ce6ffd86e000604b33a","5eb0e4bcb6c3bb0006eeb1f4",4428,"GTO","AsiaSat 6","Satellite",false,"geostationary","geocentric"
"5eb87ce7ffd86e000604b33b","5eb0e4bcb6c3bb0006eeb1f5",2216,"ISS","CRS-4","Dragon 1.1",false,"low-earth","geocentric"
"5eb87ce8ffd86e000604b33c","5eb0e4bdb6c3bb0006eeb1f6",2395,"ISS","CRS-5","Dragon 1.1",false,"low-earth","geocentric"
"5eb87ceaffd86e000604b33d","5eb0e4bdb6c3bb0006eeb1f7",570,"ES-L1","DSCOVR","Satellite",false,"L1-point","heliocentric"
"5eb87ceaffd86e000604b33e","5eb0e4bdb6c3bb0006eeb1f8",1954,"GTO","ABS-3A","Satellite",false,"geostationary","geocentric"
"5eb87ceaffd86e000604b33e","5eb0e4bdb6c3bb0006eeb1f9",2205,"GTO","Eutelsat 115 West B","Satellite",false,"geostationary","geocentric"
"5eb87cecffd86e000604b33f","5eb0e4bdb6c3bb0006eeb1fa",1898,"ISS","CRS-6","Dragon 1.1",false,"low-earth","geocentric"
"5eb87cedffd86e000604b340","5eb0e4beb6c3bb0006eeb1fb",4707,"GTO","TürkmenÄlem 52°E / MonacoSAT","Satellite",false,"geostationary","geocentric"
"5eb87ceeffd86e000604b341","5eb0e4beb6c3bb0006eeb1fc",2477,"ISS","CRS-7","Dragon 1.1",false,"low-earth","geocentric"
"5eb87cefffd86e000604b342","5eb0e4beb6c3bb0006eeb1fd",2034,"LEO","Orbcomm-OG2-M2","Satellite",false,"low-earth","geocentric"
"5eb87cf0ffd86e000604b343","5eb0e4beb6c3bb0006eeb1fe",553,"PO","Jason-3","Satellite",false,"low-earth","geocentric"
"5eb87cf2ffd86e000604b344","5eb0e4beb6c3bb0006eeb1ff",5271,"GTO","SES-9","Satellite",false,"geostationary","geocentric"
"5eb87cf3ffd86e000604b345","5eb0e4bfb6c3bb0006eeb200",3136,"ISS","CRS-8","Dragon 1.1",false,"low-earth","geocentric"
"5eb87cf5ffd86e000604b346","5eb0e4bfb6c3bb0006eeb201",4696,"GTO","JCSAT-2B","Satellite",false,"geostationary","geocentric"
"5eb87cf6ffd86e000604b347","5eb0e4bfb6c3bb0006eeb202",3100,"GTO","Thaicom 8","Satellite",false,"geostationary","geocentric"
"5eb87cf8ffd86e000604b348","5eb0e4bfb6c3bb0006eeb203",1800,"GTO","ABS-2A","Satellite",false,"geostationary","geocentric"
"5eb87cf8ffd86e000604b348","5eb0e4bfb6c3bb0006eeb204",1800,"GTO","Eutelsat 117 West B","Satellite",false,"geostationary","geocentric"
"5eb87cf9ffd86e000604b349","5eb0e4c0b6c3bb0006eeb205",2257,"ISS","CRS-9","Dragon 1.1",false,"low-earth","geocentric"
"5eb87cfaffd86e000604b34a","5eb0e4c1b6c3bb0006eeb206",4600,"GTO","JCSAT-16","Satellite",false,"geostationary","geocentric"
"5eb87cfbffd86e000604b34b","5eb0e4c1b6c3bb0006eeb207",5500,"GTO","Amos-6","Satellite",false,"geostationary","geocentric"
"5eb87cfdffd86e000604b34c","5eb0e4c2b6c3bb0006eeb208",9600,"PO","Iridium NEXT 1","Satellite",false,"low-earth","geocentric"
"5eb87cfeffd86e000604b34d","5eb0e4c3b6c3bb0006eeb209",2490,"ISS","CRS-10","Dragon 1.1",false,"low-earth","geocentric"
"5eb87cfeffd86e000604b34e","5eb0e4c3b6c3bb0006eeb20a",5600,"GTO","EchoStar 23","Satellite",false,"geostationary","geocentric"
"5eb87d00ffd86e000604b34f","5eb0e4c3b6c3bb0006eeb20b",5300,"GTO","SES-10","Satellite",false,"geostationary","geocentric"
"5eb87d01ffd86e000604b350","5eb0e4c3b6c3bb0006eeb20c",,"LEO","NROL-76","Satellite",false,"low-earth","geocentric"
"5eb87d01ffd86e000604b351","5eb0e4c3b6c3bb0006eeb20d",6070,"GTO","Inmarsat-5 F4","Satellite",false,"geostationary","geocentric"
"5eb87d03ffd86e000604b352","5eb0e4c4b6c3bb0006eeb20e",2708,"ISS","CRS-11","Dragon 1.1",true,"low-earth","geocentric"
"5eb87d04ffd86e000604b353","5eb0e4c4b6c3bb0006eeb20f",3669,"GTO","BulgariaSat-1","Satellite",false,"geostationary","geocentric"
"5eb87d05ffd86e000604b354","5eb0e4c4b6c3bb0006eeb210",9600,"PO","Iridium NEXT 2","Satellite",false,"low-earth","geocentric"
"5eb87d06ffd86e000604b355","5eb0e4c4b6c3bb0006eeb211",6761,"GTO","Intelsat 35e","Satellite",false,"geosynchronous","geocentric"
"5eb87d07ffd86e000604b356","5eb0e4c4b6c3bb0006eeb212",2910,"ISS","CRS-12","Dragon 1.1",false,"low-earth","geocentric"
"5eb87d08ffd86e000604b357","5eb0e4c4b6c3bb0006eeb213",475,"SSO","FormoSat-5","Satellite",false,"sun-synchronous","geocentric"
"5eb87d09ffd86e000604b358","5eb0e4c5b6c3bb0006eeb214",4990,"LEO","X-37B OTV-5","Satellite",false,"low-earth","geocentric"
"5eb87d0affd86e000604b359","5eb0e4c5b6c3bb0006eeb215",9600,"PO","Iridium NEXT 3","Satellite",false,"low-earth","geocentric"
"5eb87d0cffd86e000604b35a","5eb0e4c5b6c3bb0006eeb216",5200,"GTO","SES-11 / Echostar 105","Satellite",false,"geostationary","geocentric"
"5eb87d0dffd86e000604b35b","5eb0e4c5b6c3bb0006eeb217",3700,"GTO","KoreaSat 5A","Satellite",false,"geostationary","geocentric"
"5eb87d0effd86e000604b35c","5eb0e4c5b6c3bb0006eeb218",2205,"ISS","CRS-13","Dragon 1.1",true,"low-earth","geocentric"
"5eb87d0fffd86e000604b35d","5eb0e4c6b6c3bb0006eeb219",9600,"PO","Iridium NEXT 4","Satellite",false,"low-earth","geocentric"
"5eb87d10ffd86e000604b35e","5eb0e4c6b6c3bb0006eeb21a",,"LEO","ZUMA","Satellite",false,"low-earth","geocentric"
"5eb87d11ffd86e000604b35f","5eb0e4c6b6c3bb0006eeb21b",4230,"GTO","GovSat-1","Satellite",false,"geostationary","geocentric"
"5eb87d13ffd86e000604b360","5eb0e4c6b6c3bb0006eeb21c",1350,"HCO","Tesla Roadster","Satellite",false,,"heliocentric"
"5eb87d14ffd86e000604b361","5eb0e4c6b6c3bb0006eeb21d",1350,"SSO","Paz","Satellite",false,"sun-synchronous","geocentric"
"5eb87d14ffd86e000604b361","5eb0e4c6b6c3bb0006eeb21e",800,"SSO","Tintin A & B","Satellite",false,"low-earth","geocentric"
"5eb87d15ffd86e000604b362","5eb0e4c7b6c3bb0006eeb21f",6092,"GTO","Hispasat 30W-6","Satellite",false,"geostationary","geocentric"
"5eb87d16ffd86e000604b363","5eb0e4c7b6c3bb0006eeb220",9600,"PO","Iridium NEXT 5","Satellite",false,"low-earth","geocentric"
"5eb87d16ffd86e000604b364","5eb0e4c7b6c3bb0006eeb221",2760,"ISS","CRS-14","Dragon 1.1",true,"low-earth","geocentric"
"5eb87d18ffd86e000604b365","5eb0e4c7b6c3bb0006eeb222",350,"HEO","TESS","Satellite",false,"high-earth","highly-elliptical"
"5eb87d19ffd86e000604b366","5eb0e4c7b6c3bb0006eeb223",3750,"GTO","Bangabandhu-1","Satellite",false,"geostationary","geocentric"
"5eb87d1affd86e000604b367","5eb0e4c7b6c3bb0006eeb224",4300,"PO","Iridium NEXT 6","Satellite",false,"low-earth","geocentric"
"5eb87d1affd86e000604b367","5eb0e4c8b6c3bb0006eeb225",1160,"PO","GRACE-FO 1-2","Satellite",false,"sun-synchronous","geocentric"
"5eb87d1bffd86e000604b368","5eb0e4c8b6c3bb0006eeb226",5383.85,"GTO","SES-12","Satellite",false,"geostationary","geocentric"
"5eb87d1cffd86e000604b369","5eb0e4c8b6c3bb0006eeb227",2410,"ISS","CRS-15","Dragon 1.1",true,"low-earth","geocentric"
"5eb87d1effd86e000604b36a","5eb0e4c8b6c3bb0006eeb228",7076,"GTO","Telstar 19V","Satellite",false,"geostationary","geocentric"
"5eb87d1fffd86e000604b36b","5eb0e4c9b6c3bb0006eeb229",9600,"PO","Iridium NEXT 7","Satellite",false,"low-earth","geocentric"
"5eb87d20ffd86e000604b36c","5eb0e4c9b6c3bb0006eeb22a",5800,"GTO","Telkom-4","Satellite",false,"geostationary","geocentric"
"5eb87d22ffd86e000604b36d","5eb0e4c9b6c3bb0006eeb22b",7060,"GTO","Telstar 18V","Satellite",false,"geostationary","geocentric"
"5eb87d23ffd86e000604b36e","5eb0e4c9b6c3bb0006eeb22c",2800,"SSO","SAOCOM 1A","Satellite",false,"sun-synchronous","geocentric"
"5eb87d24ffd86e000604b36f","5eb0e4c9b6c3bb0006eeb22d",3000,"GTO","Es’hail 2","Satellite",false,"geostationary","geocentric"
"5eb87d25ffd86e000604b370","5eb0e4c9b6c3bb0006eeb22e",4000,"SSO","SSO-A","Satellite",false,"sun-synchronous","geocentric"
"5eb87d26ffd86e000604b371","5eb0e4cab6c3bb0006eeb22f",2573,"ISS","CRS-16","Dragon 1.1",true,"low-earth","geocentric"
"5eb87d27ffd86e000604b372","5eb0e4cab6c3bb0006eeb230",4400,"MEO","GPS III SV01","Satellite",false,"semi-synchronous","geocentric"
"5eb87d28ffd86e000604b373","5eb0e4cab6c3bb0006eeb231",9600,"PO","Iridium NEXT 8","Satellite",false,"low-earth","geocentric"
"5eb87d2affd86e000604b374","5eb0e4cab6c3bb0006eeb232",5000,"GTO","Nusantara Satu (PSN-6)","Satellite",false,"geostationary","geocentric"
"5eb87d2affd86e000604b374","5eb0e4cab6c3bb0006eeb233",60,"GTO","S5","Satellite",false,"geostationary","geocentric"
"5eb87d2affd86e000604b374","5eb0e4cab6c3bb0006eeb234",585,"GTO","Beresheet","Lander",false,"highly-elliptical","geocentric"
"5eb87d2bffd86e000604b375","5eb0e4cbb6c3bb0006eeb235",12259,"ISS","CCtCap Demo Mission 1","Crew Dragon",false,"low-earth","geocentric"
"5eb87d2dffd86e000604b376","5eb0e4cbb6c3bb0006eeb236",6000,"GTO","ArabSat 6A","Satellite",false,"geostationary","geocentric"
"5eb87d2effd86e000604b377","5eb0e4cbb6c3bb0006eeb237",2482,"ISS","CRS-17","Dragon 1.1",true,"low-earth","geocentric"
"5eb87d30ffd86e000604b378","5eb0e4cbb6c3bb0006eeb238",13200,"VLEO","Starlink v0.9","Satellite",false,"very-low-earth","geocentric"
"5eb87d31ffd86e000604b379","5eb0e4ccb6c3bb0006eeb239",1425,"SSO","RADARSAT Constellation","Satellite",false,"sun-synchronous","geocentric"
"5eb87d35ffd86e000604b37a","5eb0e4ccb6c3bb0006eeb23a",600,"MEO","DSX","Satellite",false,"medium-earth","geocentric"
"5eb87d35ffd86e000604b37a","5eb0e4ccb6c3bb0006eeb23b",1668,"LEO","COSMIC-2","Satellite",false,"low-earth","geocentric"
"5eb87d35ffd86e000604b37a","5eb0e4ccb6c3bb0006eeb23c",180,"LEO","GPIM","Satellite",false,"low-earth","geocentric"
"5eb87d35ffd86e000604b37a","5eb0e4ccb6c3bb0006eeb23d",70,"LEO","Oculus-ASR","Satellite",false,"low-earth","geocentric"
"5eb87d35ffd86e000604b37a","5eb0e4ccb6c3bb0006eeb23e",138,"LEO","OTB 1","Satellite",false,"low-earth","geocentric"
"5eb87d35ffd86e000604b37a","5eb0e4cdb6c3bb0006eeb23f",86,"LEO","NPSAT 1","Satellite",false,"low-earth","geocentric"
"5eb87d35ffd86e000604b37a","5eb0e4cdb6c3bb0006eeb240",71,"LEO","Prox-1","Satellite",false,"low-earth","geocentric"
"5eb87d35ffd86e000604b37a","5eb0e4cdb6c3bb0006eeb241",5,"LEO","LightSail-B","Satellite",false,"low-earth","geocentric"
"5eb87d35ffd86e000604b37a","5eb0e4cdb6c3bb0006eeb242",4,"LEO","ARMADILLO","Satellite",false,"low-earth","geocentric"
"5eb87d35ffd86e000604b37a","5eb0e4cdb6c3bb0006eeb243",5,"LEO","FalconSat 7","Satellite",false,"low-earth","geocentric"
"5eb87d35ffd86e000604b37a","5eb0e4cdb6c3bb0006eeb244",4,"LEO","E-TBEx A & B","Satellite",false,"low-earth","geocentric"
"5eb87d35ffd86e000604b37a","5eb0e4cdb6c3bb0006eeb245",2,"LEO","PSat 2","Satellite",false,"low-earth","geocentric"
"5eb87d35ffd86e000604b37a","5eb0e4ceb6c3bb0006eeb246",1,"LEO","BRICSat 2","Satellite",false,"low-earth","geocentric"
"5eb87d35ffd86e000604b37a","5eb0e4ceb6c3bb0006eeb247",1.5,"LEO","TEPCE 1 & 2","Satellite",false,"low-earth","geocentric"
"5eb87d35ffd86e000604b37a","5eb0e4ceb6c3bb0006eeb248",1.5,"LEO","CP9","Satellite",false,"low-earth","geocentric"
"5eb87d35ffd86e000604b37a","5eb0e4ceb6c3bb0006eeb249",1,"LEO","StangSat","Satellite",false,"low-earth","geocentric"
"5eb87d36ffd86e000604b37b","5eb0e4ceb6c3bb0006eeb24a",2227.7,"ISS","CRS-18","Dragon 1.1",true,"low-earth","geocentric"
"5eb87d37ffd86e000604b37c","5eb0e4cfb6c3bb0006eeb24b",6500,"GTO","Amos-17","Satellite",false,"geostationary","geocentric"
"5eb87d39ffd86e000604b37d","5eb0e4cfb6c3bb0006eeb24c",15600,"VLEO","Starlink-1","Satellite",false,"very-low-earth","geocentric"
"5eb87d39ffd86e000604b37e","5eb0e4cfb6c3bb0006eeb24d",5000,"ISS","CRS-19","Dragon 1.1",true,"low-earth","geocentric"
"5eb87d3bffd86e000604b37f","5eb0e4cfb6c3bb0006eeb24e",6800,"GTO","JCSat 18 / Kacific 1","Satellite",false,"geostationary","geocentric"
"5eb87d3cffd86e000604b380","5eb0e4cfb6c3bb0006eeb24f",15600,"VLEO","Starlink-2","Satellite",false,"very-low-earth","geocentric"
"5eb87d3dffd86e000604b381","5eb0e4d0b6c3bb0006eeb250",,"SO","Crew Dragon In Flight Abort Test","Crew Dragon",false,"sub-orbital","geocentric"
"5eb87d3fffd86e000604b382","5eb0e4d0b6c3bb0006eeb251",15600,"VLEO","Starlink-3","Satellite",false,"very-low-earth","geocentric"
"5eb87d41ffd86e000604b383","5eb0e4d0b6c3bb0006eeb252",15600,"VLEO","Starlink-4","Satellite",false,"very-low-earth","geocentric"
"5eb87d42ffd86e000604b384","5eb0e4d0b6c3bb0006eeb253",1977,"ISS","CRS-20","Dragon 1.1",true,"low-earth","geocentric"
"5eb87d43ffd86e000604b385","5eb0e4d0b6c3bb0006eeb254",15600,"VLEO","Starlink-5","Satellite",false,"very-low-earth","geocentric"
"5eb87d44ffd86e000604b386","5eb0e4d1b6c3bb0006eeb255",15600,"VLEO","Starlink-6","Satellite",false,"very-low-earth","geocentric"
"5eb87d45ffd86e000604b387","5eb0e4d1b6c3bb0006eeb256",15600,"VLEO","Starlink-7","Satellite",false,"very-low-earth","geocentric"
"5eb87d46ffd86e000604b388","5eb0e4d1b6c3bb0006eeb257",9525,"ISS","CCtCap Demo Mission 2","Crew Dragon",false,"low-earth","geocentric"
"5eb87d46ffd86e000604b389","5eb0e4d1b6c3bb0006eeb258",15600,"VLEO","Starlink-8","Satellite",false,"very-low-earth","geocentric"
"5eb87d47ffd86e000604b38a","5eb0e4d1b6c3bb0006eeb259",1600,"SSO","SAOCOM 1B","Satellite",false,"sun-synchronous","geocentric"
"5eb87d50ffd86e000604b394","5eb0e4d2b6c3bb0006eeb25b",,"GEO","ANASIS-II","Satellite",false,"geosynchronous","geocentric"
"5eb87d4affd86e000604b38b","5eb0e4d2b6c3bb0006eeb25c",3880,"MEO","GPS III SV03 (Columbus)","Satellite",false,,
"5eb87d4bffd86e000604b38c","5eb0e4d2b6c3bb0006eeb25d",7000,"GTO","SXM-7","Satellite",false,"geostationary","geocentric"
"5eb87d4cffd86e000604b38d","5eb0e4d2b6c3bb0006eeb25e",3681,"MEO","GPS III SV04 (Sacagawea)","Satellite",false,"semi-synchronous","geocentric"
"5eb87d4dffd86e000604b38e","5eb0e4d2b6c3bb0006eeb25f",,"ISS","Crew-1","Crew Dragon",false,"low-earth","geocentric"
"5eb87d4effd86e000604b390","5eb0e4d2b6c3bb0006eeb261",3681,"MEO","GPS III SV05","Satellite",false,"semi-synchronous","geocentric"
"5eb87d4effd86e000604b391","5eb0e4d3b6c3bb0006eeb262",2972,"ISS","CRS-21","Dragon 2.0",false,"low-earth","geocentric"
"5eb87d4fffd86e000604b393","5eb0e4d3b6c3bb0006eeb264",3500,"GTO","Turksat 5A","Satellite",false,"geostationary","geocentric"
"5ed9819a1f30554030d45c29","5ed9858b1f30554030d45c3e",15600,"VLEO","Starlink-9","Satellite",false,"very-low-earth","geocentric"
"5ed981d91f30554030d45c2a","5ed9859f1f30554030d45c3f",15600,"VLEO","Starlink-10","Satellite",false,"very-low-earth","geocentric"
"5ed983aa1f30554030d45c31","5ed9867c1f30554030d45c40",1440,"PO","Sentinel-6 Michael Freilich","Satellite",false,"low-earth","geocentric"
"5ed9819a1f30554030d45c29","5ee522e32f1f3d474c758123",112,"SSO","BlackSky Global 5-6","Satellite",false,"sun-synchronous","geocentric"
"5ef6a1e90059c33cee4a828a","5ef6a4600059c33cee4a829e",15600,"VLEO","Starlink-11","Satellite",false,"very-low-earth","geocentric"
"5ef6a2090059c33cee4a828b","5ef6a48e0059c33cee4a829f",15600,"VLEO","Starlink-12","Satellite",false,"very-low-earth","geocentric"
"5ef6a2bf0059c33cee4a828c","5ef6a4d50059c33cee4a82a1",15600,"VLEO","Starlink-13","Satellite",false,"very-low-earth","geocentric"
"5ef6a2e70059c33cee4a8293","5ef6a4ea0059c33cee4a82a2",15600,"VLEO","Starlink-14","Satellite",false,"very-low-earth","geocentric"
"5f8399fb818d8b59f5740d43","5f839ac7818d8b59f5740d48",,,"NROL-108","Satellite",false,"low-earth","geocentric"
"5fb95b3f3a88ae63c954603c","5fb95c263a88ae63c9546044",15600,"VLEO","Starlink-15","Satellite",false,"very-low-earth","geocentric"
"5fbfecce54ceb10a5664c80a","5fbfedba54ceb10a5664c813",15600,"VLEO","Starlink-16","Satellite",false,"very-low-earth","geocentric"
"5fbfecfe54ceb10a5664c80b","5fbfedc654ceb10a5664c814",15600,"VLEO","Starlink-17","Satellite",false,"very-low-earth","geocentric"
"5fd386aa7faea57d297c86c1","5fd3871a7faea57d297c86c6",,"SSO","Transporter-1","Satellite",false,"sun-synchronous","geocentric"
"5fe3af43b3467846b324215e","5fe3b2abb3467846b3242172",2200,"SSO","SARah 1","Satellite",false,"sun-synchronous","geocentric"
"5fe3af58b3467846b324215f","5fe3b3adb3467846b3242173",,"ISS","Crew-2","Crew Dragon",true,"low-earth","geocentric"
"5fe3b15eb3467846b324216d","5fe3b3bab3467846b3242174",12519,"ISS","Crew-3","Crew Dragon",false,"low-earth","geocentric"
"5fe3af6db3467846b3242160","5fe3b57db3467846b324217a",7000,"GTO","SXM-8","Satellite",false,"geostationary","geocentric"
"5fe3af84b3467846b3242161","5fe3b642b3467846b324217b",3328,"ISS","CRS-22","Dragon 2.0",true,"low-earth","geocentric"
"6243aec2af52800c6e91925d","5fe3b86eb3467846b324217c",3700,"GTO","USSF-44","Satellite",false,"geostationary","geocentric"
"5fe3afc1b3467846b3242164","5fe3c080b3467846b3242190",3500,"GTO","Türksat 5B","Satellite",false,"geostationary","geocentric"
"5fe3b107b3467846b324216b","5fe3c4a6b3467846b3242192",670,"TLI","DART (Double Asteroid Redirection Test)","Satellite",false,,"heliocentric"
"5fe3b11eb3467846b324216c","5fe3c4f2b3467846b3242193",,"ISS","CRS-23","Dragon 2.0",true,"low-earth","geocentric"
"5ff6554f9257f579ee3a6c5f","5ff655769257f579ee3a6c64",15600,"VLEO","Starlink-18","Satellite",false,"very-low-earth","geocentric"
"600f9a5e8f798e2a4d5f979c","600f9bc08f798e2a4d5f97a4",15600,"VLEO","Starlink-19","Satellite",false,"very-low-earth","geocentric"
"600f9a718f798e2a4d5f979d","600f9bcb8f798e2a4d5f97a5",15600,"VLEO","Starlink-20","Satellite",false,"very-low-earth","geocentric"
"600f9a8d8f798e2a4d5f979e","600f9bd88f798e2a4d5f97a6",15600,"VLEO","Starlink-21","Satellite",false,"very-low-earth","geocentric"
"60428aafc041c16716f73cd7","60428afbc041c16716f73cdd",15600,"VLEO","Starlink-22","Satellite",false,"very-low-earth","geocentric"
"60428ac4c041c16716f73cd8","60428b02c041c16716f73cde",15600,"VLEO","Starlink-23","Satellite",false,"very-low-earth","geocentric"
"605b4b6aaa5433645e37d03f","605b4be3aa5433645e37d046",15600,"VLEO","Starlink-24","Satellite",false,"very-low-earth","geocentric"
"605b4b7daa5433645e37d040","605b4befaa5433645e37d047",15600,"VLEO","Starlink-25","Satellite",false,"very-low-earth","geocentric"
"605b4b95aa5433645e37d041","605b4bfcaa5433645e37d048",13520,"VLEO","Starlink-26","Satellite",false,"very-low-earth","geocentric"
"6079bd1c9a06446e8c61bf76","6079bd5e9a06446e8c61bf7c",15600,"VLEO","Starlink-27","Satellite",false,"very-low-earth","geocentric"
"6079bd399a06446e8c61bf77","6079bd679a06446e8c61bf7d",15600,"VLEO","Starlink-28","Satellite",false,"very-low-earth","geocentric"
"607a37565a906a44023e0866","607a382f5a906a44023e0867",,"LEO","Inspiration4","Crew Dragon",true,"low-earth","geocentric"
"600f9b6d8f798e2a4d5f979f","608ac397eb3e50044e3630e7",,"SSO","Transporter-2","Satellite",false,"sun-synchronous","geocentric"
"605b4b95aa5433645e37d041","609f48374a12e4692eae4667",112,"LEO","Capella-6","Satellite",false,"low-earth","geocentric"
"605b4b95aa5433645e37d041","609f49c64a12e4692eae4668",,"LEO","Tyvak-0130","Satellite",false,"low-earth","geocentric"
"60e3bf0d73359e1e20335c37","60e3bf3373359e1e20335c3c",15600,"PO","Starlink 2-1 (v1.5)","Satellite",false,"polar","geocentric"
"6161c7d26db1a92bfba85346","6161d0af6db1a92bfba85352",13260,"PO","Starlink 2-2 (v1.5)","Satellite",false,"polar","geocentric"
"6161c94c6db1a92bfba85349","6161d0f26db1a92bfba85355",13260,"PO","Starlink 4-3 (v1.5)","Satellite",false,"polar","geocentric"
"6161d2006db1a92bfba85356","6161d22a6db1a92bfba85357",,"ISS","CRS-24","Dragon 2.0",true,"low-earth","geocentric"
"6161d32d6db1a92bfba85359","6161d3a06db1a92bfba8535a",2240,"SSO","CSG-2","Satellite",false,"sun-synchronous","geocentric"
"61bf3e31cd5ab50b0d936345","6175aaacefa4314085aa9c56",,"LEO","NROL-87","Satellite",false,"sun-synchronous","geocentric"
"618faad2563d69573ed8ca9d","618fabf0563d69573ed8caa6",13260,"LEO","Starlink 4-1 (v1.5)","Satellite",false,"low-earth","geocentric"
"61bba806437241381bf7061e","61bbac16437241381bf70632",13260,"PO","Starlink 4-4 (v1.5)","Satellite",false,"polar","geocentric"
"6161c88d6db1a92bfba85348","61c1f395a4a2462678cbf46e",330,"LEO","IPXE","Satellite",false,"low-earth","geocentric"
"61d5eca1f88e4c5fc91f1eb7","61d5ece4f88e4c5fc91f1ebb",13260,"VLEO","Starlink 4-5 (v1.5)","Satellite",false,"very-low-earth","geocentric"
"61e048bbbe8d8b66799018d0","61e05516be8d8b66799018d4",13260,"VLEO","Starlink 4-6 (v1.5)","Satellite",false,"very-low-earth","geocentric"
"61e048ffbe8d8b66799018d1","61e05520be8d8b66799018d5",13260,"VLEO","Starlink 4-7 (v1.5)","Satellite",false,"very-low-earth","geocentric"
"61eef7489eb1064137a1bd6f","61eef9b89eb1064137a1bd72",1908,"TLI","IM-1 Nova-C","Satellite",false,"lunar","trans-lunar-injection"
"61eefaa89eb1064137a1bd73","61eefb129eb1064137a1bd74",,"ISS","Ax-1","Dragon 2.0",true,"low-earth","geocentric"
"61fc01dae0dc5662b76489a7","61fc02e1e0dc5662b76489b4",13260,"VLEO","Starlink 4-8 (v1.5)","Satellite",false,"very-low-earth","geocentric"
"61fc0203e0dc5662b76489a8","61fc0334e0dc5662b76489b5",13260,"VLEO","Starlink 4-11 (v1.5)","Satellite",false,"very-low-earth","geocentric"
"61fc0224e0dc5662b76489ab","61fc0379e0dc5662b76489b6",13260,"VLEO","Starlink 4-9 (v1.5)","Satellite",false,"very-low-earth","geocentric"
"61fc0243e0dc5662b76489ae","61fc0382e0dc5662b76489b7",13260,"VLEO","Starlink 4-10 (v1.5)","Satellite",false,"very-low-earth","geocentric"
"6234908cf051102e1fcedac4","623491e5f051102e1fcedac9",13260,"VLEO","Starlink 4-12 (v1.5)","Satellite",false,"very-low-earth","geocentric"
"6243ad8baf52800c6e919252","6243af62af52800c6e919260",,"SSO","Transporter-4","Satellite",false,"sun-synchronous","geocentric"
"6243ada6af52800c6e919253","6243af9faf52800c6e919261",13260,"VLEO","Starlink 4-14 (v1.5)","Satellite",false,"very-low-earth","geocentric"
"6243adcaaf52800c6e919254","6243b036af52800c6e919262",,"LEO","NROL-85","Satellite",false,"low-earth","geocentric"
"6243ade2af52800c6e919255","6243b1cdaf52800c6e919265",,"ISS","Crew-4","Crew Dragon",false,"low-earth","geocentric"
"6243ae0aaf52800c6e919257","6243b286af52800c6e919266",3938,"GEO","Nilesat-301","Satellite",false,"geostationary","geocentric"
"6243ae24af52800c6e919258","6243b39daf52800c6e919267",,"SSO","Transporter-5","Satellite",false,"sun-synchronous","geocentric"
"6243ba08af52800c6e919270","6243b788af52800c6e91926b",5100,"MEO","O3b mPower 1,2","Satellite",false,"medium-earth","geocentric"
"6243ae40af52800c6e919259","6243b835af52800c6e91926d",,"ISS","CRS-25","Dragon 2.0",true,"low-earth","geocentric"
"6243ae58af52800c6e91925a","6243b896af52800c6e91926e",,"SSO","WorldView Legion 1 & 2","Satellite",false,"sun-synchronous","geocentric"
"6243aea5af52800c6e91925c","6243b93caf52800c6e91926f",3500,"MEO","SES-22","Satellite",false,"medium-earth","geocentric"
"6243ae7daf52800c6e91925b","6243ba4faf52800c6e919271",5100,"MEO","O3b mPower 3.4","Satellite",false,"medium-earth","geocentric"
"625828f25988f159024b9643","625829cf5988f159024b9648",13260,"VLEO","Starlink 4-15 (v1.5)","Satellite",false,"very-low-earth","geocentric"
"6258290d5988f159024b9644","625829d75988f159024b9649",13260,"VLEO","Starlink 4-13 (v1.5)","Satellite",false,"very-low-earth","geocentric"
"62582a6f5988f159024b964b","62582aa55988f159024b964d",13260,"VLEO","Starlink 4-16 (v1.5)","Satellite",false,"very-low-earth","geocentric"
"62582a855988f159024b964c","62582aad5988f159024b964e",13260,"VLEO","Starlink 4-17 (v1.5)","Satellite",false,"very-low-earth","geocentric"
"62615ebc0ec008379be596fa","62615ee40ec008379be596fd",13260,"VLEO","Starlink 4-18 (v1.5)","Satellite",false,"very-low-earth","geocentric"
"6278481757b51b752c5c5a5f","6278484e57b51b752c5c5a63",13260,"VLEO","Starlink 4-19 (v1.5)","Satellite",false,"very-low-earth","geocentric"
"628025222c0aa958437dcf76","628026a42c0aa958437dcf7c",2608,"BEO","Psyche","Satellite",false,"beyond-earth","geocentric"
"628025222c0aa958437dcf76","628027062c0aa958437dcf7d",72,"BEO","Janus","Satellite",false,"beyond-earth","geocentric"
"62a9f08b20413d2695d88711","62adecbcd26f4f711fa53848",700,"LEO","Globalstar FM15","Satellite",false,"low-earth","geocentric"
"62dd70d5202306255024d139","62dd73ed202306255024d145",,"ISS","Crew-5","Crew Dragon",false,"low-earth","geocentric"
"62a9f0c920413d2695d88712","630bccc6d36448026ab01639",13260,"VLEO","Starlink 4-21 (v1.5)","Satellite",false,"very-low-earth","geocentric"
"62a9f0e320413d2695d88713","630bccd6d36448026ab0163a",13260,"VLEO","Starlink 3-1 (v1.5)","Satellite",false,"very-low-earth","geocentric"
"62a9f0f820413d2695d88714","630bce10d36448026ab0163b",13260,"VLEO","Starlink 4-22 (v1.5)","Satellite",false,"very-low-earth","geocentric"
"62a9f10b20413d2695d88715","630bce49d36448026ab0163c",13260,"VLEO","Starlink 3-2 (v1.5)","Satellite",false,"very-low-earth","geocentric"
"62a9f12820413d2695d88716","630bce79d36448026ab0163d",13260,"VLEO","Starlink 4-25 (v1.5)","Satellite",false,"very-low-earth","geocentric"
"62a9f8b320413d2695d8871b","630bcea1d36448026ab0163e",13260,"VLEO","Starlink 4-26 (v1.5)","Satellite",false,"very-low-earth","geocentric"
"62f3b5200f55c50e192a4e6c","630bceadd36448026ab0163f",13260,"VLEO","Starlink 4-27 (v1.5)","Satellite",false,"very-low-earth","geocentric"
"62f3b4ff0f55c50e192a4e6b","630bceb8d36448026ab01640",13260,"VLEO","Starlink 3-3 (v1.5)","Satellite",false,"very-low-earth","geocentric"
"62a9f86420413d2695d88719","630bcfe1d36448026ab01641",678,"TLI","KPLO","Satellite",false,"lunar","trans-lunar-injection"
"62f3b53a0f55c50e192a4e6f","630f63bf18702d4844fb5391",13260,"VLEO","Starlink 3-4 (v1.5)","Satellite",false,"very-low-earth","geocentric"
"62f3b5290f55c50e192a4e6d","631614d7ffc78f3b85670716",13260,"VLEO","Starlink 4-23 (v1.5)","Satellite",false,"very-low-earth","geocentric"
"62f3b5330f55c50e192a4e6e","631614e9ffc78f3b85670717",13260,"VLEO","Starlink 4-20 (v1.5)","Satellite",false,"very-low-earth","geocentric"
"62a9f89a20413d2695d8871a","63161610ffc78f3b85670718",13260,"VLEO","Starlink 4-2 (v1.5)","Satellite",false,"very-low-earth","geocentric"
"63161329ffc78f3b8567070b","63161699ffc78f3b85670719",13260,"VLEO","Starlink 4-34 (v1.5)","Satellite",false,"very-low-earth","geocentric"
"63161339ffc78f3b8567070c","631616a7ffc78f3b8567071a",13260,"VLEO","Starlink 4-35 (v1.5)","Satellite",false,"very-low-earth","geocentric"
"62f3b5200f55c50e192a4e6c","631616aeffc78f3b8567071b",13260,"VLEO","Starlink 4-36 (v1.5)","Satellite",false,"very-low-earth","geocentric"
"62f3b5200f55c50e192a4e6c","63161760ffc78f3b8567071c",,"PO","TTL-1","Satellite",false,"polar","geocentric"
"62f3b5330f55c50e192a4e6e","631617fbffc78f3b8567071d",180,"VLEO","Varuna-TDM","Satellite",false,"very-low-earth","geocentric"
"62a9f89a20413d2695d8871a","63161872ffc78f3b8567071e",1500,"VLEO","BlueWalker 3","Satellite",false,"very-low-earth","geocentric"
